Zip Code,City,County,Zip Code Map
60001,Alden,Mchenry,View Map
60002,Antioch,Lake,View Map
60004,Arlington Heights,Cook,View Map
60005,Arlington Heights,Cook,View Map
60006,Arlington Heights,Cook,View Map
60007,Elk Grove Village,Cook,View Map
60008,Rolling Meadows,Cook,View Map
60009,Elk Grove Village,Cook,View Map
60010,Barrington,Lake,View Map
60011,Barrington,Lake,View Map
60012,Crystal Lake,Mchenry,View Map
60013,Cary,Mchenry,View Map
60014,Crystal Lake,Mchenry,View Map
60015,Deerfield,Lake,View Map
60016,Des Plaines,Cook,View Map
60017,Des Plaines,Cook,View Map
60018,Des Plaines,Cook,View Map
60019,Des Plaines,Cook,View Map
60020,Fox Lake,Lake,View Map
60021,Fox River Grove,Mchenry,View Map
60022,Glencoe,Cook,View Map
60025,Glenview,Cook,View Map
60026,Glenview,Cook,View Map
60029,Golf,Cook,View Map
60030,Grayslake,Lake,View Map
60031,Gurnee,Lake,View Map
60033,Harvard,Mchenry,View Map
60034,Hebron,Mchenry,View Map
60035,Highland Park,Lake,View Map
60037,Fort Sheridan,Lake,View Map
60038,Palatine,Cook,View Map
60039,Crystal Lake,Mchenry,View Map
60040,Highwood,Lake,View Map
60041,Ingleside,Lake,View Map
60042,Island Lake,Lake,View Map
60043,Kenilworth,Cook,View Map
60044,Lake Bluff,Lake,View Map
60045,Lake Forest,Lake,View Map
60046,Lake Villa,Lake,View Map
60047,Lake Zurich,Lake,View Map
60048,Libertyville,Lake,View Map
60049,Long Grove,Lake,View Map
60050,Mchenry,Mchenry,View Map
60051,Mchenry,Mchenry,View Map
60053,Morton Grove,Cook,View Map
60055,Palatine,Cook,View Map
60056,Mount Prospect,Cook,View Map
60060,Mundelein,Lake,View Map
60061,Vernon Hills,Lake,View Map
60062,Northbrook,Cook,View Map
60064,North Chicago,Lake,View Map
60065,Northbrook,Cook,View Map
60067,Palatine,Cook,View Map
60068,Park Ridge,Cook,View Map
60069,Lincolnshire,Lake,View Map
60070,Prospect Heights,Cook,View Map
60071,Richmond,Mchenry,View Map
60072,Ringwood,Mchenry,View Map
60073,Round Lake,Lake,View Map
60074,Palatine,Cook,View Map
60075,Russell,Lake,View Map
60076,Skokie,Cook,View Map
60077,Skokie,Cook,View Map
60078,Palatine,Cook,View Map
60079,Waukegan,Lake,View Map
60081,Spring Grove,Mchenry,View Map
60082,Techny,Cook,View Map
60083,Wadsworth,Lake,View Map
60084,Wauconda,Lake,View Map
60085,Waukegan,Lake,View Map
60086,North Chicago,Lake,View Map
60087,Waukegan,Lake,View Map
60088,Great Lakes,Lake,View Map
60089,Buffalo Grove,Lake,View Map
60090,Wheeling,Cook,View Map
60091,Wilmette,Cook,View Map
60092,Libertyville,Lake,View Map
60093,Winnetka,Cook,View Map
60094,Palatine,Cook,View Map
60095,Palatine,Cook,View Map
60096,Winthrop Harbor,Lake,View Map
60097,Wonder Lake,Mchenry,View Map
60098,Woodstock,Mchenry,View Map
60099,Zion,Lake,View Map
60101,Addison,Dupage,View Map
60102,Algonquin,Mchenry,View Map
60103,Bartlett,Dupage,View Map
60104,Bellwood,Cook,View Map
60105,Bensenville,Dupage,View Map
60106,Bensenville,Dupage,View Map
60107,Streamwood,Cook,View Map
60108,Bloomingdale,Dupage,View Map
60109,Burlington,Kane,View Map
60110,Carpentersville,Kane,View Map
60111,Clare,Dekalb,View Map
60112,Cortland,Dekalb,View Map
60113,Creston,Ogle,View Map
60115,Dekalb,Dekalb,View Map
60116,Carol Stream,Dupage,View Map
60117,Bloomingdale,Dupage,View Map
60118,Dundee,Kane,View Map
60119,Elburn,Kane,View Map
60120,Elgin,Kane,View Map
60121,Elgin,Kane,View Map
60122,Carol Stream,Dupage,View Map
60123,Elgin,Kane,View Map
60124,Elgin,Kane,View Map
60125,Carol Stream,Dupage,View Map
60126,Elmhurst,Dupage,View Map
60128,Carol Stream,Dupage,View Map
60129,Esmond,Dekalb,View Map
60130,Forest Park,Cook,View Map
60131,Franklin Park,Cook,View Map
60132,Carol Stream,Dupage,View Map
60133,Hanover Park,Cook,View Map
60134,Geneva,Kane,View Map
60135,Genoa,Dekalb,View Map
60136,Gilberts,Kane,View Map
60137,Glen Ellyn,Dupage,View Map
60138,Glen Ellyn,Dupage,View Map
60139,Glendale Heights,Dupage,View Map
60140,Hampshire,Kane,View Map
60141,Hines,Cook,View Map
60142,Huntley,Mchenry,View Map
60143,Itasca,Dupage,View Map
60144,Kaneville,Kane,View Map
60145,Kingston,Dekalb,View Map
60146,Kirkland,Dekalb,View Map
60147,Lafox,Kane,View Map
60148,Lombard,Dupage,View Map
60150,Malta,Dekalb,View Map
60151,Maple Park,Kane,View Map
60152,Marengo,Mchenry,View Map
60153,Maywood,Cook,View Map
60154,Westchester,Cook,View Map
60155,Broadview,Cook,View Map
60156,Lake In The Hills,Mchenry,View Map
60157,Medinah,Dupage,View Map
60159,Schaumburg,Cook,View Map
60160,Melrose Park,Cook,View Map
60161,Melrose Park,Cook,View Map
60162,Hillside,Cook,View Map
60163,Berkeley,Cook,View Map
60164,Melrose Park,Cook,View Map
60165,Stone Park,Cook,View Map
60168,Schaumburg,Cook,View Map
60169,Hoffman Estates,Cook,View Map
60170,Plato Center,Kane,View Map
60171,River Grove,Cook,View Map
60172,Roselle,Dupage,View Map
60173,Schaumburg,Cook,View Map
60174,Saint Charles,Kane,View Map
60175,Saint Charles,Kane,View Map
60176,Schiller Park,Cook,View Map
60177,South Elgin,Kane,View Map
60178,Sycamore,Dekalb,View Map
60179,Hoffman Estates,Cook,View Map
60180,Union,Mchenry,View Map
60181,Villa Park,Dupage,View Map
60183,Wasco,Kane,View Map
60184,Wayne,Dupage,View Map
60185,West Chicago,Dupage,View Map
60186,West Chicago,Dupage,View Map
60187,Wheaton,Dupage,View Map
60188,Carol Stream,Dupage,View Map
60189,Wheaton,Dupage,View Map
60190,Winfield,Dupage,View Map
60191,Wood Dale,Dupage,View Map
60192,Hoffman Estates,Cook,View Map
60193,Schaumburg,Cook,View Map
60194,Schaumburg,Cook,View Map
60195,Schaumburg,Cook,View Map
60196,Schaumburg,Cook,View Map
60197,Carol Stream,Dupage,View Map
60199,Carol Stream,Dupage,View Map
60201,Evanston,Cook,View Map
60202,Evanston,Cook,View Map
60203,Evanston,Cook,View Map
60204,Evanston,Cook,View Map
60208,Evanston,Cook,View Map
60209,Evanston,Cook,View Map
60296,Mchenry,Cook,View Map
60297,Mchenry,Cook,View Map
60301,Oak Park,Cook,View Map
60302,Oak Park,Cook,View Map
60303,Oak Park,Cook,View Map
60304,Oak Park,Cook,View Map
60305,River Forest,Cook,View Map
60399,Wood Dale,Dupage,View Map
60401,Beecher,Will,View Map
60402,Berwyn,Cook,View Map
60403,Crest Hill,Will,View Map
60404,Shorewood,Will,View Map
60406,Blue Island,Cook,View Map
60407,Braceville,Grundy,View Map
60408,Braidwood,Will,View Map
60409,Calumet City,Cook,View Map
60410,Channahon,Will,View Map
60411,Chicago Heights,Cook,View Map
60412,Chicago Heights,Cook,View Map
60415,Chicago Ridge,Cook,View Map
60416,Coal City,Grundy,View Map
60417,Crete,Will,View Map
60419,Dolton,Cook,View Map
60420,Dwight,Livingston,View Map
60421,Elwood,Will,View Map
60422,Flossmoor,Cook,View Map
60423,Frankfort,Will,View Map
60424,Gardner,Grundy,View Map
60425,Glenwood,Cook,View Map
60426,Harvey,Cook,View Map
60428,Markham,Cook,View Map
60429,Hazel Crest,Cook,View Map
60430,Homewood,Cook,View Map
60431,Joliet,Will,View Map
60432,Joliet,Will,View Map
60433,Joliet,Will,View Map
60434,Joliet,Will,View Map
60435,Joliet,Will,View Map
60436,Joliet,Will,View Map
60437,Kinsman,Grundy,View Map
60438,Lansing,Cook,View Map
60439,Lemont,Cook,View Map
60440,Bolingbrook,Will,View Map
60441,Lockport,Will,View Map
60442,Manhattan,Will,View Map
60443,Matteson,Cook,View Map
60444,Mazon,Grundy,View Map
60445,Midlothian,Cook,View Map
60446,Romeoville,Will,View Map
60447,Minooka,Grundy,View Map
60448,Mokena,Will,View Map
60449,Monee,Will,View Map
60450,Morris,Grundy,View Map
60451,New Lenox,Will,View Map
60452,Oak Forest,Cook,View Map
60453,Oak Lawn,Cook,View Map
60454,Oak Lawn,Cook,View Map
60455,Bridgeview,Cook,View Map
60456,Hometown,Cook,View Map
60457,Hickory Hills,Cook,View Map
60458,Justice,Cook,View Map
60459,Burbank,Cook,View Map
60460,Odell,Livingston,View Map
60461,Olympia Fields,Cook,View Map
60462,Orland Park,Cook,View Map
60463,Palos Heights,Cook,View Map
60464,Palos Park,Cook,View Map
60465,Palos Hills,Cook,View Map
60466,Park Forest,Cook,View Map
60467,Orland Park,Cook,View Map
60468,Peotone,Will,View Map
60469,Posen,Cook,View Map
60470,Ransom,La Salle,View Map
60471,Richton Park,Cook,View Map
60472,Robbins,Cook,View Map
60473,South Holland,Cook,View Map
60474,South Wilmington,Grundy,View Map
60475,Steger,Cook,View Map
60476,Thornton,Cook,View Map
60477,Tinley Park,Cook,View Map
60478,Country Club Hills,Cook,View Map
60479,Verona,Grundy,View Map
60480,Willow Springs,Cook,View Map
60481,Wilmington,Will,View Map
60482,Worth,Cook,View Map
60483,Tinley Park,Cook,View Map
60487,Tinley Park,Cook,View Map
60490,Bolingbrook,Will,View Map
60491,Homer Glen,Will,View Map
60499,Bedford Park,Cook,View Map
60501,Summit Argo,Cook,View Map
60502,Aurora,Dupage,View Map
60503,Aurora,Dupage,View Map
60504,Aurora,Dupage,View Map
60505,Aurora,Kane,View Map
60506,Aurora,Kane,View Map
60507,Aurora,Kane,View Map
60510,Batavia,Kane,View Map
60511,Big Rock,Kane,View Map
60512,Bristol,Kendall,View Map
60513,Brookfield,Cook,View Map
60514,Clarendon Hills,Dupage,View Map
60515,Downers Grove,Dupage,View Map
60516,Downers Grove,Dupage,View Map
60517,Woodridge,Dupage,View Map
60518,Earlville,La Salle,View Map
60519,Eola,Dupage,View Map
60520,Hinckley,Dekalb,View Map
60521,Hinsdale,Dupage,View Map
60522,Hinsdale,Dupage,View Map
60523,Oak Brook,Dupage,View Map
60525,La Grange,Cook,View Map
60526,La Grange Park,Cook,View Map
60527,Willowbrook,Dupage,View Map
60530,Lee,Lee,View Map
60531,Leland,La Salle,View Map
60532,Lisle,Dupage,View Map
60534,Lyons,Cook,View Map
60536,Millbrook,Kendall,View Map
60537,Millington,Kendall,View Map
60538,Montgomery,Kendall,View Map
60539,Mooseheart,Kane,View Map
60540,Naperville,Dupage,View Map
60541,Newark,Kendall,View Map
60542,North Aurora,Kane,View Map
60543,Oswego,Kendall,View Map
60544,Plainfield,Will,View Map
60545,Plano,Kendall,View Map
60546,Riverside,Cook,View Map
60548,Sandwich,Dekalb,View Map
60549,Serena,La Salle,View Map
60550,Shabbona,Dekalb,View Map
60551,Sheridan,La Salle,View Map
60552,Somonauk,Dekalb,View Map
60553,Steward,Lee,View Map
60554,Sugar Grove,Kane,View Map
60555,Warrenville,Dupage,View Map
60556,Waterman,Dekalb,View Map
60557,Wedron,La Salle,View Map
60558,Western Springs,Cook,View Map
60559,Westmont,Dupage,View Map
60560,Yorkville,Kendall,View Map
60561,Darien,Dupage,View Map
60563,Naperville,Dupage,View Map
60564,Naperville,Will,View Map
60565,Naperville,Dupage,View Map
60566,Naperville,Dupage,View Map
60567,Naperville,Dupage,View Map
60568,Aurora,Kane,View Map
60570,Hinsdale,Dupage,View Map
60572,Aurora,Dupage,View Map
60585,Plainfield,Will,View Map
60586,Plainfield,Will,View Map
60597,Fox Valley,Dupage,View Map
60598,Aurora,Dupage,View Map
60599,Fox Valley,Dupage,View Map
60601,Chicago,Cook,View Map
60602,Chicago,Cook,View Map
60603,Chicago,Cook,View Map
60604,Chicago,Cook,View Map
60605,Chicago,Cook,View Map
60606,Chicago,Cook,View Map
60607,Chicago,Cook,View Map
60608,Chicago,Cook,View Map
60609,Chicago,Cook,View Map
60610,Chicago,Cook,View Map
60611,Chicago,Cook,View Map
60612,Chicago,Cook,View Map
60613,Chicago,Cook,View Map
60614,Chicago,Cook,View Map
60615,Chicago,Cook,View Map
60616,Chicago,Cook,View Map
60617,Chicago,Cook,View Map
60618,Chicago,Cook,View Map
60619,Chicago,Cook,View Map
60620,Chicago,Cook,View Map
60621,Chicago,Cook,View Map
60622,Chicago,Cook,View Map
60623,Chicago,Cook,View Map
60624,Chicago,Cook,View Map
60625,Chicago,Cook,View Map
60626,Chicago,Cook,View Map
60628,Chicago,Cook,View Map
60629,Chicago,Cook,View Map
60630,Chicago,Cook,View Map
60631,Chicago,Cook,View Map
60632,Chicago,Cook,View Map
60633,Chicago,Cook,View Map
60634,Chicago,Cook,View Map
60636,Chicago,Cook,View Map
60637,Chicago,Cook,View Map
60638,Chicago,Cook,View Map
60639,Chicago,Cook,View Map
60640,Chicago,Cook,View Map
60641,Chicago,Cook,View Map
60643,Chicago,Cook,View Map
60644,Chicago,Cook,View Map
60645,Chicago,Cook,View Map
60646,Chicago,Cook,View Map
60647,Chicago,Cook,View Map
60649,Chicago,Cook,View Map
60651,Chicago,Cook,View Map
60652,Chicago,Cook,View Map
60653,Chicago,Cook,View Map
60654,Chicago,Cook,View Map
60655,Chicago,Cook,View Map
60656,Chicago,Cook,View Map
60657,Chicago,Cook,View Map
60659,Chicago,Cook,View Map
60660,Chicago,Cook,View Map
60661,Chicago,Cook,View Map
60663,Chicago,Cook,View Map
60664,Chicago,Cook,View Map
60666,Chicago,Cook,View Map
60668,Chicago,Cook,View Map
60669,Chicago,Cook,View Map
60670,Chicago,Cook,View Map
60673,Chicago,Cook,View Map
60674,Chicago,Cook,View Map
60675,Chicago,Cook,View Map
60677,Chicago,Cook,View Map
60678,Chicago,Cook,View Map
60679,Chicago,Cook,View Map
60680,Chicago,Cook,View Map
60681,Chicago,Cook,View Map
60682,Chicago,Cook,View Map
60684,Chicago,Cook,View Map
60685,Chicago,Cook,View Map
60686,Chicago,Cook,View Map
60687,Chicago,Cook,View Map
60688,Chicago,Cook,View Map
60689,Chicago,Cook,View Map
60690,Chicago,Cook,View Map
60691,Chicago,Cook,View Map
60693,Chicago,Cook,View Map
60694,Chicago,Cook,View Map
60695,Chicago,Cook,View Map
60696,Chicago,Cook,View Map
60697,Chicago,Cook,View Map
60699,Chicago,Cook,View Map
60701,Chicago,Cook,View Map
60706,Harwood Heights,Cook,View Map
60707,Elmwood Park,Cook,View Map
60712,Lincolnwood,Cook,View Map
60714,Niles,Cook,View Map
60803,Alsip,Cook,View Map
60804,Cicero,Cook,View Map
60805,Evergreen Park,Cook,View Map
60827,Riverdale,Cook,View Map
60901,Kankakee,Kankakee,View Map
60910,Aroma Park,Kankakee,View Map
60911,Ashkum,Iroquois,View Map
60912,Beaverville,Iroquois,View Map
60913,Bonfield,Kankakee,View Map
60914,Bourbonnais,Kankakee,View Map
60915,Bradley,Kankakee,View Map
60917,Buckingham,Kankakee,View Map
60918,Buckley,Iroquois,View Map
60919,Cabery,Ford,View Map
60920,Campus,Livingston,View Map
60921,Chatsworth,Livingston,View Map
60922,Chebanse,Iroquois,View Map
60924,Cissna Park,Iroquois,View Map
60926,Claytonville,Iroquois,View Map
60927,Clifton,Iroquois,View Map
60928,Crescent City,Iroquois,View Map
60929,Cullom,Livingston,View Map
60930,Danforth,Iroquois,View Map
60931,Donovan,Iroquois,View Map
60932,East Lynn,Vermilion,View Map
60933,Elliott,Ford,View Map
60934,Emington,Livingston,View Map
60935,Essex,Kankakee,View Map
60936,Gibson City,Ford,View Map
60938,Gilman,Iroquois,View Map
60939,Goodwine,Iroquois,View Map
60940,Grant Park,Kankakee,View Map
60941,Herscher,Kankakee,View Map
60942,Hoopeston,Vermilion,View Map
60944,Hopkins Park,Kankakee,View Map
60945,Iroquois,Iroquois,View Map
60946,Kempton,Ford,View Map
60948,Loda,Iroquois,View Map
60949,Ludlow,Champaign,View Map
60950,Manteno,Kankakee,View Map
60951,Martinton,Iroquois,View Map
60952,Melvin,Ford,View Map
60953,Milford,Iroquois,View Map
60954,Momence,Kankakee,View Map
60955,Onarga,Iroquois,View Map
60956,Papineau,Iroquois,View Map
60957,Paxton,Ford,View Map
60959,Piper City,Ford,View Map
60960,Rankin,Vermilion,View Map
60961,Reddick,Kankakee,View Map
60962,Roberts,Ford,View Map
60963,Rossville,Vermilion,View Map
60964,Saint Anne,Kankakee,View Map
60966,Sheldon,Iroquois,View Map
60967,Stockland,Iroquois,View Map
60968,Thawville,Iroquois,View Map
60969,Union Hill,Kankakee,View Map
60970,Watseka,Iroquois,View Map
60973,Wellington,Iroquois,View Map
60974,Woodland,Iroquois,View Map
61001,Apple River,Jo Daviess,View Map
61006,Ashton,Lee,View Map
61007,Baileyville,Ogle,View Map
61008,Belvidere,Boone,View Map
61010,Byron,Ogle,View Map
61011,Caledonia,Boone,View Map
61012,Capron,Boone,View Map
61013,Cedarville,Stephenson,View Map
61014,Chadwick,Carroll,View Map
61015,Chana,Ogle,View Map
61016,Cherry Valley,Winnebago,View Map
61018,Dakota,Stephenson,View Map
61019,Davis,Stephenson,View Map
61020,Davis Junction,Ogle,View Map
61021,Dixon,Lee,View Map
61024,Durand,Winnebago,View Map
61025,East Dubuque,Jo Daviess,View Map
61027,Eleroy,Stephenson,View Map
61028,Elizabeth,Jo Daviess,View Map
61030,Forreston,Ogle,View Map
61031,Franklin Grove,Lee,View Map
61032,Freeport,Stephenson,View Map
61036,Galena,Jo Daviess,View Map
61037,Galt,Whiteside,View Map
61038,Garden Prairie,Boone,View Map
61039,German Valley,Stephenson,View Map
61041,Hanover,Jo Daviess,View Map
61042,Harmon,Lee,View Map
61043,Holcomb,Ogle,View Map
61044,Kent,Stephenson,View Map
61046,Lanark,Carroll,View Map
61047,Leaf River,Ogle,View Map
61048,Lena,Stephenson,View Map
61049,Lindenwood,Ogle,View Map
61050,Mc Connell,Stephenson,View Map
61051,Milledgeville,Carroll,View Map
61052,Monroe Center,Ogle,View Map
61053,Mount Carroll,Carroll,View Map
61054,Mount Morris,Ogle,View Map
61057,Nachusa,Lee,View Map
61058,Nelson,Lee,View Map
61059,Nora,Jo Daviess,View Map
61060,Orangeville,Stephenson,View Map
61061,Oregon,Ogle,View Map
61062,Pearl City,Stephenson,View Map
61063,Pecatonica,Winnebago,View Map
61064,Polo,Ogle,View Map
61065,Poplar Grove,Boone,View Map
61067,Ridott,Stephenson,View Map
61068,Rochelle,Ogle,View Map
61070,Rock City,Stephenson,View Map
61071,Rock Falls,Whiteside,View Map
61072,Rockton,Winnebago,View Map
61073,Roscoe,Winnebago,View Map
61074,Savanna,Carroll,View Map
61075,Scales Mound,Jo Daviess,View Map
61077,Seward,Winnebago,View Map
61078,Shannon,Carroll,View Map
61079,Shirland,Winnebago,View Map
61080,South Beloit,Winnebago,View Map
61081,Sterling,Whiteside,View Map
61084,Stillman Valley,Ogle,View Map
61085,Stockton,Jo Daviess,View Map
61087,Warren,Jo Daviess,View Map
61088,Winnebago,Winnebago,View Map
61089,Winslow,Stephenson,View Map
61091,Woosung,Ogle,View Map
61101,Rockford,Winnebago,View Map
61102,Rockford,Winnebago,View Map
61103,Rockford,Winnebago,View Map
61104,Rockford,Winnebago,View Map
61105,Rockford,Winnebago,View Map
61106,Rockford,Winnebago,View Map
61107,Rockford,Winnebago,View Map
61108,Rockford,Winnebago,View Map
61109,Rockford,Winnebago,View Map
61110,Rockford,Winnebago,View Map
61111,Loves Park,Winnebago,View Map
61112,Rockford,Winnebago,View Map
61114,Rockford,Winnebago,View Map
61115,Machesney Park,Winnebago,View Map
61125,Rockford,Winnebago,View Map
61126,Rockford,Winnebago,View Map
61130,Loves Park,Winnebago,View Map
61131,Loves Park,Winnebago,View Map
61132,Loves Park,Winnebago,View Map
61201,Rock Island,Rock Island,View Map
61204,Rock Island,Rock Island,View Map
61230,Albany,Whiteside,View Map
61231,Aledo,Mercer,View Map
61232,Andalusia,Rock Island,View Map
61233,Andover,Henry,View Map
61234,Annawan,Henry,View Map
61235,Atkinson,Henry,View Map
61236,Barstow,Rock Island,View Map
61237,Buffalo Prairie,Rock Island,View Map
61238,Cambridge,Henry,View Map
61239,Carbon Cliff,Rock Island,View Map
61240,Coal Valley,Rock Island,View Map
61241,Colona,Henry,View Map
61242,Cordova,Rock Island,View Map
61243,Deer Grove,Whiteside,View Map
61244,East Moline,Rock Island,View Map
61250,Erie,Whiteside,View Map
61251,Fenton,Whiteside,View Map
61252,Fulton,Whiteside,View Map
61254,Geneseo,Henry,View Map
61256,Hampton,Rock Island,View Map
61257,Hillsdale,Rock Island,View Map
61258,Hooppole,Henry,View Map
61259,Illinois City,Rock Island,View Map
61260,Joy,Mercer,View Map
61261,Lyndon,Whiteside,View Map
61262,Lynn Center,Henry,View Map
61263,Matherville,Mercer,View Map
61264,Milan,Rock Island,View Map
61265,Moline,Rock Island,View Map
61266,Moline,Rock Island,View Map
61270,Morrison,Whiteside,View Map
61272,New Boston,Mercer,View Map
61273,Orion,Henry,View Map
61274,Osco,Henry,View Map
61275,Port Byron,Rock Island,View Map
61276,Preemption,Mercer,View Map
61277,Prophetstown,Whiteside,View Map
61278,Rapids City,Rock Island,View Map
61279,Reynolds,Rock Island,View Map
61281,Sherrard,Mercer,View Map
61282,Silvis,Rock Island,View Map
61283,Tampico,Whiteside,View Map
61284,Taylor Ridge,Rock Island,View Map
61285,Thomson,Carroll,View Map
61299,Rock Island,Rock Island,View Map
61301,La Salle,La Salle,View Map
61310,Amboy,Lee,View Map
61311,Ancona,Livingston,View Map
61312,Arlington,Bureau,View Map
61313,Blackstone,Livingston,View Map
61314,Buda,Bureau,View Map
61315,Bureau,Bureau,View Map
61316,Cedar Point,La Salle,View Map
61317,Cherry,Bureau,View Map
61318,Compton,Lee,View Map
61319,Cornell,Livingston,View Map
61320,Dalzell,Bureau,View Map
61321,Dana,La Salle,View Map
61322,Depue,Bureau,View Map
61323,Dover,Bureau,View Map
61324,Eldena,Lee,View Map
61325,Grand Ridge,La Salle,View Map
61326,Granville,Putnam,View Map
61327,Hennepin,Putnam,View Map
61328,Kasbeer,Bureau,View Map
61329,Ladd,Bureau,View Map
61330,La Moille,Bureau,View Map
61331,Lee Center,Lee,View Map
61332,Leonore,La Salle,View Map
61333,Long Point,Livingston,View Map
61334,Lostant,La Salle,View Map
61335,Mc Nabb,Putnam,View Map
61336,Magnolia,Putnam,View Map
61337,Malden,Bureau,View Map
61338,Manlius,Bureau,View Map
61340,Mark,Putnam,View Map
61341,Marseilles,La Salle,View Map
61342,Mendota,La Salle,View Map
61344,Mineral,Bureau,View Map
61345,Neponset,Bureau,View Map
61346,New Bedford,Bureau,View Map
61348,Oglesby,La Salle,View Map
61349,Ohio,Bureau,View Map
61350,Ottawa,La Salle,View Map
61353,Paw Paw,Lee,View Map
61354,Peru,La Salle,View Map
61356,Princeton,Bureau,View Map
61358,Rutland,La Salle,View Map
61359,Seatonville,Bureau,View Map
61360,Seneca,La Salle,View Map
61361,Sheffield,Bureau,View Map
61362,Spring Valley,Bureau,View Map
61363,Standard,Putnam,View Map
61364,Streator,La Salle,View Map
61367,Sublette,Lee,View Map
61368,Tiskilwa,Bureau,View Map
61369,Toluca,Marshall,View Map
61370,Tonica,La Salle,View Map
61371,Triumph,La Salle,View Map
61372,Troy Grove,La Salle,View Map
61373,Utica,La Salle,View Map
61374,Van Orin,Bureau,View Map
61375,Varna,Marshall,View Map
61376,Walnut,Bureau,View Map
61377,Wenona,Marshall,View Map
61378,West Brooklyn,Lee,View Map
61379,Wyanet,Bureau,View Map
61401,Galesburg,Knox,View Map
61402,Galesburg,Knox,View Map
61410,Abingdon,Knox,View Map
61411,Adair,Mcdonough,View Map
61412,Alexis,Mercer,View Map
61413,Alpha,Henry,View Map
61414,Altona,Knox,View Map
61415,Avon,Fulton,View Map
61416,Bardolph,Mcdonough,View Map
61417,Berwick,Warren,View Map
61418,Biggsville,Henderson,View Map
61419,Bishop Hill,Henry,View Map
61420,Blandinsville,Mcdonough,View Map
61421,Bradford,Stark,View Map
61422,Bushnell,Mcdonough,View Map
61423,Cameron,Warren,View Map
61424,Camp Grove,Marshall,View Map
61425,Carman,Henderson,View Map
61426,Castleton,Stark,View Map
61427,Cuba,Fulton,View Map
61428,Dahinda,Knox,View Map
61430,East Galesburg,Knox,View Map
61431,Ellisville,Fulton,View Map
61432,Fairview,Fulton,View Map
61433,Fiatt,Fulton,View Map
61434,Galva,Henry,View Map
61435,Gerlaw,Warren,View Map
61436,Gilson,Knox,View Map
61437,Gladstone,Henderson,View Map
61438,Good Hope,Mcdonough,View Map
61439,Henderson,Knox,View Map
61440,Industry,Mcdonough,View Map
61441,Ipava,Fulton,View Map
61442,Keithsburg,Mercer,View Map
61443,Kewanee,Henry,View Map
61447,Kirkwood,Warren,View Map
61448,Knoxville,Knox,View Map
61449,La Fayette,Stark,View Map
61450,La Harpe,Hancock,View Map
61451,Laura,Peoria,View Map
61452,Littleton,Schuyler,View Map
61453,Little York,Warren,View Map
61454,Lomax,Henderson,View Map
61455,Macomb,Mcdonough,View Map
61458,Maquon,Knox,View Map
61459,Marietta,Fulton,View Map
61460,Media,Henderson,View Map
61462,Monmouth,Warren,View Map
61465,New Windsor,Mercer,View Map
61466,North Henderson,Mercer,View Map
61467,Oneida,Knox,View Map
61468,Ophiem,Henry,View Map
61469,Oquawka,Henderson,View Map
61470,Prairie City,Mcdonough,View Map
61471,Raritan,Henderson,View Map
61472,Rio,Knox,View Map
61473,Roseville,Warren,View Map
61474,Saint Augustine,Knox,View Map
61475,Sciota,Mcdonough,View Map
61476,Seaton,Mercer,View Map
61477,Smithfield,Fulton,View Map
61478,Smithshire,Warren,View Map
61479,Speer,Stark,View Map
61480,Stronghurst,Henderson,View Map
61482,Table Grove,Fulton,View Map
61483,Toulon,Stark,View Map
61484,Vermont,Fulton,View Map
61485,Victoria,Knox,View Map
61486,Viola,Mercer,View Map
61488,Wataga,Knox,View Map
61489,Williamsfield,Knox,View Map
61490,Woodhull,Henry,View Map
61491,Wyoming,Stark,View Map
61501,Astoria,Fulton,View Map
61516,Benson,Woodford,View Map
61517,Brimfield,Peoria,View Map
61519,Bryant,Fulton,View Map
61520,Canton,Fulton,View Map
61523,Chillicothe,Peoria,View Map
61524,Dunfermline,Fulton,View Map
61525,Dunlap,Peoria,View Map
61526,Edelstein,Peoria,View Map
61528,Edwards,Peoria,View Map
61529,Elmwood,Peoria,View Map
61530,Eureka,Woodford,View Map
61531,Farmington,Fulton,View Map
61532,Forest City,Mason,View Map
61533,Glasford,Peoria,View Map
61534,Green Valley,Tazewell,View Map
61535,Groveland,Tazewell,View Map
61536,Hanna City,Peoria,View Map
61537,Henry,Marshall,View Map
61539,Kingston Mines,Peoria,View Map
61540,Lacon,Marshall,View Map
61541,La Rose,Marshall,View Map
61542,Lewistown,Fulton,View Map
61543,Liverpool,Fulton,View Map
61544,London Mills,Fulton,View Map
61545,Lowpoint,Woodford,View Map
61546,Manito,Mason,View Map
61547,Mapleton,Peoria,View Map
61548,Metamora,Woodford,View Map
61550,Morton,Tazewell,View Map
61552,Mossville,Peoria,View Map
61553,Norris,Fulton,View Map
61554,Pekin,Tazewell,View Map
61555,Pekin,Tazewell,View Map
61558,Pekin,Tazewell,View Map
61559,Princeville,Peoria,View Map
61560,Putnam,Putnam,View Map
61561,Roanoke,Woodford,View Map
61562,Rome,Peoria,View Map
61563,Saint David,Fulton,View Map
61564,South Pekin,Tazewell,View Map
61565,Sparland,Marshall,View Map
61567,Topeka,Mason,View Map
61568,Tremont,Tazewell,View Map
61569,Trivoli,Peoria,View Map
61570,Washburn,Marshall,View Map
61571,Washington,Tazewell,View Map
61572,Yates City,Knox,View Map
61601,Peoria,Peoria,View Map
61602,Peoria,Peoria,View Map
61603,Peoria,Peoria,View Map
61604,Peoria,Peoria,View Map
61605,Peoria,Peoria,View Map
61606,Peoria,Peoria,View Map
61607,Peoria,Peoria,View Map
61610,Creve Coeur,Tazewell,View Map
61611,East Peoria,Tazewell,View Map
61612,Peoria,Peoria,View Map
61613,Peoria,Peoria,View Map
61614,Peoria,Peoria,View Map
61615,Peoria,Peoria,View Map
61616,Peoria Heights,Peoria,View Map
61625,Peoria,Peoria,View Map
61629,Peoria,Peoria,View Map
61630,Peoria,Peoria,View Map
61633,Peoria,Peoria,View Map
61634,Peoria,Peoria,View Map
61635,Peoria,Peoria,View Map
61636,Peoria,Peoria,View Map
61637,Peoria,Peoria,View Map
61638,Peoria,Peoria,View Map
61639,Peoria,Peoria,View Map
61641,Peoria,Peoria,View Map
61643,Peoria,Peoria,View Map
61650,Peoria,Peoria,View Map
61651,Peoria,Peoria,View Map
61652,Peoria,Peoria,View Map
61653,Peoria,Peoria,View Map
61654,Peoria,Peoria,View Map
61655,Peoria,Peoria,View Map
61656,Peoria,Peoria,View Map
61701,Bloomington,Mclean,View Map
61702,Bloomington,Mclean,View Map
61704,Bloomington,Mclean,View Map
61709,Bloomington,Mclean,View Map
61710,Bloomington,Mclean,View Map
61720,Anchor,Mclean,View Map
61721,Armington,Tazewell,View Map
61722,Arrowsmith,Mclean,View Map
61723,Atlanta,Logan,View Map
61724,Bellflower,Mclean,View Map
61725,Carlock,Mclean,View Map
61726,Chenoa,Mclean,View Map
61727,Clinton,Dewitt,View Map
61728,Colfax,Mclean,View Map
61729,Congerville,Woodford,View Map
61730,Cooksville,Mclean,View Map
61731,Cropsey,Mclean,View Map
61732,Danvers,Mclean,View Map
61733,Deer Creek,Tazewell,View Map
61734,Delavan,Tazewell,View Map
61735,Dewitt,Dewitt,View Map
61736,Downs,Mclean,View Map
61737,Ellsworth,Mclean,View Map
61738,El Paso,Woodford,View Map
61739,Fairbury,Livingston,View Map
61740,Flanagan,Livingston,View Map
61741,Forrest,Livingston,View Map
61742,Goodfield,Woodford,View Map
61743,Graymont,Livingston,View Map
61744,Gridley,Mclean,View Map
61745,Heyworth,Mclean,View Map
61747,Hopedale,Tazewell,View Map
61748,Hudson,Mclean,View Map
61749,Kenney,Dewitt,View Map
61750,Lane,Dewitt,View Map
61751,Lawndale,Logan,View Map
61752,Le Roy,Mclean,View Map
61753,Lexington,Mclean,View Map
61754,Mc Lean,Mclean,View Map
61755,Mackinaw,Tazewell,View Map
61756,Maroa,Macon,View Map
61758,Merna,Mclean,View Map
61759,Minier,Tazewell,View Map
61760,Minonk,Woodford,View Map
61761,Normal,Mclean,View Map
61764,Pontiac,Livingston,View Map
61769,Saunemin,Livingston,View Map
61770,Saybrook,Mclean,View Map
61771,Secor,Woodford,View Map
61772,Shirley,Mclean,View Map
61773,Sibley,Ford,View Map
61774,Stanford,Mclean,View Map
61775,Strawn,Livingston,View Map
61776,Towanda,Mclean,View Map
61777,Wapella,Dewitt,View Map
61778,Waynesville,Dewitt,View Map
61790,Normal,Mclean,View Map
61791,Bloomington,Mclean,View Map
61799,Bloomington,Mclean,View Map
61801,Urbana,Champaign,View Map
61802,Urbana,Champaign,View Map
61803,Urbana,Champaign,View Map
61810,Allerton,Vermilion,View Map
61811,Alvin,Vermilion,View Map
61812,Armstrong,Vermilion,View Map
61813,Bement,Piatt,View Map
61814,Bismarck,Vermilion,View Map
61815,Bondville,Champaign,View Map
61816,Broadlands,Champaign,View Map
61817,Catlin,Vermilion,View Map
61818,Cerro Gordo,Piatt,View Map
61820,Champaign,Champaign,View Map
61821,Champaign,Champaign,View Map
61822,Champaign,Champaign,View Map
61824,Champaign,Champaign,View Map
61825,Champaign,Champaign,View Map
61826,Champaign,Champaign,View Map
61830,Cisco,Piatt,View Map
61831,Collison,Vermilion,View Map
61832,Danville,Vermilion,View Map
61833,Tilton,Vermilion,View Map
61834,Danville,Vermilion,View Map
61839,De Land,Piatt,View Map
61840,Dewey,Champaign,View Map
61841,Fairmount,Vermilion,View Map
61842,Farmer City,Dewitt,View Map
61843,Fisher,Champaign,View Map
61844,Fithian,Vermilion,View Map
61845,Foosland,Champaign,View Map
61846,Georgetown,Vermilion,View Map
61847,Gifford,Champaign,View Map
61848,Henning,Vermilion,View Map
61849,Homer,Champaign,View Map
61850,Indianola,Vermilion,View Map
61851,Ivesdale,Champaign,View Map
61852,Longview,Champaign,View Map
61853,Mahomet,Champaign,View Map
61854,Mansfield,Piatt,View Map
61855,Milmine,Piatt,View Map
61856,Monticello,Piatt,View Map
61857,Muncie,Vermilion,View Map
61858,Oakwood,Vermilion,View Map
61859,Ogden,Champaign,View Map
61862,Penfield,Champaign,View Map
61863,Pesotum,Champaign,View Map
61864,Philo,Champaign,View Map
61865,Potomac,Vermilion,View Map
61866,Rantoul,Champaign,View Map
61870,Ridge Farm,Vermilion,View Map
61871,Royal,Champaign,View Map
61872,Sadorus,Champaign,View Map
61873,Saint Joseph,Champaign,View Map
61874,Savoy,Champaign,View Map
61875,Seymour,Champaign,View Map
61876,Sidell,Vermilion,View Map
61877,Sidney,Champaign,View Map
61878,Thomasboro,Champaign,View Map
61880,Tolono,Champaign,View Map
61882,Weldon,Dewitt,View Map
61883,Westville,Vermilion,View Map
61884,White Heath,Piatt,View Map
61910,Arcola,Douglas,View Map
61911,Arthur,Douglas,View Map
61912,Ashmore,Coles,View Map
61913,Atwood,Douglas,View Map
61914,Bethany,Moultrie,View Map
61917,Brocton,Edgar,View Map
61919,Camargo,Douglas,View Map
61920,Charleston,Coles,View Map
61924,Chrisman,Edgar,View Map
61925,Dalton City,Moultrie,View Map
61928,Gays,Moultrie,View Map
61929,Hammond,Piatt,View Map
61930,Hindsboro,Douglas,View Map
61931,Humboldt,Coles,View Map
61932,Hume,Edgar,View Map
61933,Kansas,Edgar,View Map
61936,La Place,Piatt,View Map
61937,Lovington,Moultrie,View Map
61938,Mattoon,Coles,View Map
61940,Metcalf,Edgar,View Map
61941,Murdock,Douglas,View Map
61942,Newman,Douglas,View Map
61943,Oakland,Coles,View Map
61944,Paris,Edgar,View Map
61949,Redmon,Edgar,View Map
61951,Sullivan,Moultrie,View Map
61953,Tuscola,Douglas,View Map
61955,Vermilion,Edgar,View Map
61956,Villa Grove,Douglas,View Map
61957,Windsor,Shelby,View Map
62001,Alhambra,Madison,View Map
62002,Alton,Madison,View Map
62006,Batchtown,Calhoun,View Map
62009,Benld,Macoupin,View Map
62010,Bethalto,Madison,View Map
62011,Bingham,Fayette,View Map
62012,Brighton,Macoupin,View Map
62013,Brussels,Calhoun,View Map
62014,Bunker Hill,Macoupin,View Map
62015,Butler,Montgomery,View Map
62016,Carrollton,Greene,View Map
62017,Coffeen,Montgomery,View Map
62018,Cottage Hills,Madison,View Map
62019,Donnellson,Montgomery,View Map
62021,Dorsey,Madison,View Map
62022,Dow,Jersey,View Map
62023,Eagarville,Macoupin,View Map
62024,East Alton,Madison,View Map
62025,Edwardsville,Madison,View Map
62026,Edwardsville,Madison,View Map
62027,Eldred,Greene,View Map
62028,Elsah,Jersey,View Map
62030,Fidelity,Jersey,View Map
62031,Fieldon,Jersey,View Map
62032,Fillmore,Montgomery,View Map
62033,Gillespie,Macoupin,View Map
62034,Glen Carbon,Madison,View Map
62035,Godfrey,Madison,View Map
62036,Golden Eagle,Calhoun,View Map
62037,Grafton,Jersey,View Map
62040,Granite City,Madison,View Map
62044,Greenfield,Greene,View Map
62045,Hamburg,Calhoun,View Map
62046,Hamel,Madison,View Map
62047,Hardin,Calhoun,View Map
62048,Hartford,Madison,View Map
62049,Hillsboro,Montgomery,View Map
62050,Hillview,Greene,View Map
62051,Irving,Montgomery,View Map
62052,Jerseyville,Jersey,View Map
62053,Kampsville,Calhoun,View Map
62054,Kane,Greene,View Map
62056,Litchfield,Montgomery,View Map
62058,Livingston,Madison,View Map
62059,Lovejoy,Saint Clair,View Map
62060,Madison,Madison,View Map
62061,Marine,Madison,View Map
62062,Maryville,Madison,View Map
62063,Medora,Jersey,View Map
62065,Michael,Calhoun,View Map
62067,Moro,Madison,View Map
62069,Mount Olive,Macoupin,View Map
62070,Mozier,Calhoun,View Map
62071,National Stock Yards,Saint Clair,View Map
62074,New Douglas,Madison,View Map
62075,Nokomis,Montgomery,View Map
62076,Ohlman,Montgomery,View Map
62077,Panama,Montgomery,View Map
62078,Patterson,Greene,View Map
62079,Piasa,Macoupin,View Map
62080,Ramsey,Fayette,View Map
62081,Rockbridge,Greene,View Map
62082,Roodhouse,Greene,View Map
62083,Rosamond,Christian,View Map
62084,Roxana,Madison,View Map
62085,Sawyerville,Macoupin,View Map
62086,Sorento,Bond,View Map
62087,South Roxana,Madison,View Map
62088,Staunton,Macoupin,View Map
62089,Taylor Springs,Montgomery,View Map
62090,Venice,Madison,View Map
62091,Walshville,Montgomery,View Map
62092,White Hall,Greene,View Map
62093,Wilsonville,Macoupin,View Map
62094,Witt,Montgomery,View Map
62095,Wood River,Madison,View Map
62097,Worden,Madison,View Map
62098,Wrights,Greene,View Map
62201,East Saint Louis,Saint Clair,View Map
62202,East Saint Louis,Saint Clair,View Map
62203,East Saint Louis,Saint Clair,View Map
62204,East Saint Louis,Saint Clair,View Map
62205,East Saint Louis,Saint Clair,View Map
62206,East Saint Louis,Saint Clair,View Map
62207,East Saint Louis,Saint Clair,View Map
62208,Fairview Heights,Saint Clair,View Map
62214,Addieville,Washington,View Map
62215,Albers,Clinton,View Map
62216,Aviston,Clinton,View Map
62217,Baldwin,Randolph,View Map
62218,Bartelso,Clinton,View Map
62219,Beckemeyer,Clinton,View Map
62220,Belleville,Saint Clair,View Map
62221,Belleville,Saint Clair,View Map
62222,Belleville,Saint Clair,View Map
62223,Belleville,Saint Clair,View Map
62224,Mascoutah,Saint Clair,View Map
62225,Scott Air Force Base,Saint Clair,View Map
62226,Belleville,Saint Clair,View Map
62230,Breese,Clinton,View Map
62231,Carlyle,Clinton,View Map
62232,Caseyville,Saint Clair,View Map
62233,Chester,Randolph,View Map
62234,Collinsville,Madison,View Map
62236,Columbia,Monroe,View Map
62237,Coulterville,Randolph,View Map
62238,Cutler,Perry,View Map
62239,Dupo,Saint Clair,View Map
62240,East Carondelet,Saint Clair,View Map
62241,Ellis Grove,Randolph,View Map
62242,Evansville,Randolph,View Map
62243,Freeburg,Saint Clair,View Map
62244,Fults,Monroe,View Map
62245,Germantown,Clinton,View Map
62246,Greenville,Bond,View Map
62247,Hagarstown,Fayette,View Map
62248,Hecker,Monroe,View Map
62249,Highland,Madison,View Map
62250,Hoffman,Clinton,View Map
62252,Huey,Clinton,View Map
62253,Keyesport,Clinton,View Map
62254,Lebanon,Saint Clair,View Map
62255,Lenzburg,Saint Clair,View Map
62256,Maeystown,Monroe,View Map
62257,Marissa,Saint Clair,View Map
62258,Mascoutah,Saint Clair,View Map
62259,Menard,Randolph,View Map
62260,Millstadt,Saint Clair,View Map
62261,Modoc,Randolph,View Map
62262,Mulberry Grove,Bond,View Map
62263,Nashville,Washington,View Map
62264,New Athens,Saint Clair,View Map
62265,New Baden,Clinton,View Map
62266,New Memphis,Clinton,View Map
62268,Oakdale,Washington,View Map
62269,O Fallon,Saint Clair,View Map
62271,Okawville,Washington,View Map
62272,Percy,Randolph,View Map
62273,Pierron,Bond,View Map
62274,Pinckneyville,Perry,View Map
62275,Pocahontas,Bond,View Map
62277,Prairie Du Rocher,Randolph,View Map
62278,Red Bud,Randolph,View Map
62279,Renault,Monroe,View Map
62280,Rockwood,Randolph,View Map
62281,Saint Jacob,Madison,View Map
62282,Saint Libory,Saint Clair,View Map
62284,Smithboro,Bond,View Map
62285,Smithton,Saint Clair,View Map
62286,Sparta,Randolph,View Map
62288,Steeleville,Randolph,View Map
62289,Summerfield,Saint Clair,View Map
62292,Tilden,Randolph,View Map
62293,Trenton,Clinton,View Map
62294,Troy,Madison,View Map
62295,Valmeyer,Monroe,View Map
62297,Walsh,Randolph,View Map
62298,Waterloo,Monroe,View Map
62301,Quincy,Adams,View Map
62305,Quincy,Adams,View Map
62306,Quincy,Adams,View Map
62311,Augusta,Hancock,View Map
62312,Barry,Pike,View Map
62313,Basco,Hancock,View Map
62314,Baylis,Pike,View Map
62316,Bowen,Hancock,View Map
62319,Camden,Schuyler,View Map
62320,Camp Point,Adams,View Map
62321,Carthage,Hancock,View Map
62323,Chambersburg,Pike,View Map
62324,Clayton,Adams,View Map
62325,Coatsburg,Adams,View Map
62326,Colchester,Mcdonough,View Map
62329,Colusa,Hancock,View Map
62330,Dallas City,Hancock,View Map
62334,Elvaston,Hancock,View Map
62336,Ferris,Hancock,View Map
62338,Fowler,Adams,View Map
62339,Golden,Adams,View Map
62340,Griggsville,Pike,View Map
62341,Hamilton,Hancock,View Map
62343,Hull,Pike,View Map
62344,Huntsville,Schuyler,View Map
62345,Kinderhook,Pike,View Map
62346,La Prairie,Adams,View Map
62347,Liberty,Adams,View Map
62348,Lima,Adams,View Map
62349,Loraine,Adams,View Map
62351,Mendon,Adams,View Map
62352,Milton,Pike,View Map
62353,Mount Sterling,Brown,View Map
62354,Nauvoo,Hancock,View Map
62355,Nebo,Pike,View Map
62356,New Canton,Pike,View Map
62357,New Salem,Pike,View Map
62358,Niota,Hancock,View Map
62359,Paloma,Adams,View Map
62360,Payson,Adams,View Map
62361,Pearl,Pike,View Map
62362,Perry,Pike,View Map
62363,Pittsfield,Pike,View Map
62365,Plainville,Adams,View Map
62366,Pleasant Hill,Pike,View Map
62367,Plymouth,Hancock,View Map
62370,Rockport,Pike,View Map
62373,Sutter,Hancock,View Map
62374,Tennessee,Mcdonough,View Map
62375,Timewell,Brown,View Map
62376,Ursa,Adams,View Map
62378,Versailles,Brown,View Map
62379,Warsaw,Hancock,View Map
62380,West Point,Hancock,View Map
62401,Effingham,Effingham,View Map
62410,Allendale,Wabash,View Map
62411,Altamont,Effingham,View Map
62413,Annapolis,Crawford,View Map
62414,Beecher City,Effingham,View Map
62417,Bridgeport,Lawrence,View Map
62418,Brownstown,Fayette,View Map
62419,Calhoun,Richland,View Map
62420,Casey,Clark,View Map
62421,Claremont,Richland,View Map
62422,Cowden,Shelby,View Map
62423,Dennison,Clark,View Map
62424,Dieterich,Effingham,View Map
62425,Dundas,Richland,View Map
62426,Edgewood,Effingham,View Map
62427,Flat Rock,Crawford,View Map
62428,Greenup,Cumberland,View Map
62431,Herrick,Shelby,View Map
62432,Hidalgo,Jasper,View Map
62433,Hutsonville,Crawford,View Map
62434,Ingraham,Clay,View Map
62435,Janesville,Cumberland,View Map
62436,Jewett,Cumberland,View Map
62438,Lakewood,Shelby,View Map
62439,Lawrenceville,Lawrence,View Map
62440,Lerna,Coles,View Map
62441,Marshall,Clark,View Map
62442,Martinsville,Clark,View Map
62443,Mason,Effingham,View Map
62444,Mode,Shelby,View Map
62445,Montrose,Effingham,View Map
62446,Mount Erie,Wayne,View Map
62447,Neoga,Cumberland,View Map
62448,Newton,Jasper,View Map
62449,Oblong,Crawford,View Map
62450,Olney,Richland,View Map
62451,Palestine,Crawford,View Map
62452,Parkersburg,Richland,View Map
62454,Robinson,Crawford,View Map
62458,Saint Elmo,Fayette,View Map
62459,Sainte Marie,Jasper,View Map
62460,Saint Francisville,Lawrence,View Map
62461,Shumway,Effingham,View Map
62462,Sigel,Shelby,View Map
62463,Stewardson,Shelby,View Map
62464,Stoy,Crawford,View Map
62465,Strasburg,Shelby,View Map
62466,Sumner,Lawrence,View Map
62467,Teutopolis,Effingham,View Map
62468,Toledo,Cumberland,View Map
62469,Trilla,Coles,View Map
62471,Vandalia,Fayette,View Map
62473,Watson,Effingham,View Map
62474,Westfield,Clark,View Map
62475,West Liberty,Jasper,View Map
62476,West Salem,Edwards,View Map
62477,West Union,Clark,View Map
62478,West York,Crawford,View Map
62479,Wheeler,Jasper,View Map
62480,Willow Hill,Jasper,View Map
62481,Yale,Jasper,View Map
62501,Argenta,Macon,View Map
62510,Assumption,Christian,View Map
62512,Beason,Logan,View Map
62513,Blue Mound,Macon,View Map
62514,Boody,Macon,View Map
62515,Buffalo,Sangamon,View Map
62517,Bulpitt,Christian,View Map
62518,Chestnut,Logan,View Map
62519,Cornland,Logan,View Map
62520,Dawson,Sangamon,View Map
62521,Decatur,Macon,View Map
62522,Decatur,Macon,View Map
62523,Decatur,Macon,View Map
62524,Decatur,Macon,View Map
62525,Decatur,Macon,View Map
62526,Decatur,Macon,View Map
62530,Divernon,Sangamon,View Map
62531,Edinburg,Christian,View Map
62532,Elwin,Macon,View Map
62533,Farmersville,Montgomery,View Map
62534,Findlay,Shelby,View Map
62535,Forsyth,Macon,View Map
62536,Glenarm,Sangamon,View Map
62537,Harristown,Macon,View Map
62538,Harvel,Montgomery,View Map
62539,Illiopolis,Sangamon,View Map
62540,Kincaid,Christian,View Map
62541,Lake Fork,Logan,View Map
62543,Latham,Logan,View Map
62544,Macon,Macon,View Map
62545,Mechanicsburg,Sangamon,View Map
62546,Morrisonville,Christian,View Map
62547,Mount Auburn,Christian,View Map
62548,Mount Pulaski,Logan,View Map
62549,Mt Zion,Macon,View Map
62550,Moweaqua,Christian,View Map
62551,Niantic,Macon,View Map
62553,Oconee,Shelby,View Map
62554,Oreana,Macon,View Map
62555,Owaneco,Christian,View Map
62556,Palmer,Christian,View Map
62557,Pana,Christian,View Map
62558,Pawnee,Sangamon,View Map
62560,Raymond,Montgomery,View Map
62561,Riverton,Sangamon,View Map
62563,Rochester,Sangamon,View Map
62565,Shelbyville,Shelby,View Map
62567,Stonington,Christian,View Map
62568,Taylorville,Christian,View Map
62570,Tovey,Christian,View Map
62571,Tower Hill,Shelby,View Map
62572,Waggoner,Montgomery,View Map
62573,Warrensburg,Macon,View Map
62601,Alexander,Morgan,View Map
62610,Alsey,Scott,View Map
62611,Arenzville,Cass,View Map
62612,Ashland,Cass,View Map
62613,Athens,Menard,View Map
62615,Auburn,Sangamon,View Map
62617,Bath,Mason,View Map
62618,Beardstown,Cass,View Map
62621,Bluffs,Scott,View Map
62622,Bluff Springs,Cass,View Map
62624,Browning,Schuyler,View Map
62625,Cantrall,Sangamon,View Map
62626,Carlinville,Macoupin,View Map
62627,Chandlerville,Cass,View Map
62628,Chapin,Morgan,View Map
62629,Chatham,Sangamon,View Map
62630,Chesterfield,Macoupin,View Map
62631,Concord,Morgan,View Map
62633,Easton,Mason,View Map
62634,Elkhart,Logan,View Map
62635,Emden,Logan,View Map
62638,Franklin,Morgan,View Map
62639,Frederick,Schuyler,View Map
62640,Girard,Macoupin,View Map
62642,Greenview,Menard,View Map
62643,Hartsburg,Logan,View Map
62644,Havana,Mason,View Map
62649,Hettick,Macoupin,View Map
62650,Jacksonville,Morgan,View Map
62651,Jacksonville,Morgan,View Map
62655,Kilbourne,Mason,View Map
62656,Lincoln,Logan,View Map
62659,Lincolns New Salem,Menard,View Map
62660,Literberry,Morgan,View Map
62661,Loami,Sangamon,View Map
62662,Lowder,Sangamon,View Map
62663,Manchester,Scott,View Map
62664,Mason City,Mason,View Map
62665,Meredosia,Morgan,View Map
62666,Middletown,Logan,View Map
62667,Modesto,Macoupin,View Map
62668,Murrayville,Morgan,View Map
62670,New Berlin,Sangamon,View Map
62671,New Holland,Logan,View Map
62672,Nilwood,Macoupin,View Map
62673,Oakford,Menard,View Map
62674,Palmyra,Macoupin,View Map
62675,Petersburg,Menard,View Map
62677,Pleasant Plains,Sangamon,View Map
62681,Rushville,Schuyler,View Map
62682,San Jose,Mason,View Map
62683,Scottville,Macoupin,View Map
62684,Sherman,Sangamon,View Map
62685,Shipman,Macoupin,View Map
62688,Tallula,Menard,View Map
62689,Thayer,Sangamon,View Map
62690,Virden,Macoupin,View Map
62691,Virginia,Cass,View Map
62692,Waverly,Morgan,View Map
62693,Williamsville,Sangamon,View Map
62694,Winchester,Scott,View Map
62695,Woodson,Morgan,View Map
62701,Springfield,Sangamon,View Map
62702,Springfield,Sangamon,View Map
62703,Springfield,Sangamon,View Map
62704,Springfield,Sangamon,View Map
62705,Springfield,Sangamon,View Map
62706,Springfield,Sangamon,View Map
62707,Springfield,Sangamon,View Map
62708,Springfield,Sangamon,View Map
62711,Springfield,Sangamon,View Map
62712,Springfield,Sangamon,View Map
62713,Springfield,Sangamon,View Map
62715,Springfield,Sangamon,View Map
62716,Springfield,Sangamon,View Map
62719,Springfield,Sangamon,View Map
62721,Springfield,Sangamon,View Map
62722,Springfield,Sangamon,View Map
62723,Springfield,Sangamon,View Map
62726,Springfield,Sangamon,View Map
62736,Springfield,Sangamon,View Map
62739,Springfield,Sangamon,View Map
62746,Springfield,Sangamon,View Map
62756,Springfield,Sangamon,View Map
62757,Springfield,Sangamon,View Map
62761,Springfield,Sangamon,View Map
62762,Springfield,Sangamon,View Map
62763,Springfield,Sangamon,View Map
62764,Springfield,Sangamon,View Map
62765,Springfield,Sangamon,View Map
62766,Springfield,Sangamon,View Map
62767,Springfield,Sangamon,View Map
62769,Springfield,Sangamon,View Map
62776,Springfield,Sangamon,View Map
62777,Springfield,Sangamon,View Map
62781,Springfield,Sangamon,View Map
62786,Springfield,Sangamon,View Map
62791,Springfield,Sangamon,View Map
62794,Springfield,Sangamon,View Map
62796,Springfield,Sangamon,View Map
62801,Centralia,Marion,View Map
62803,Hoyleton,Washington,View Map
62805,Akin,Franklin,View Map
62806,Albion,Edwards,View Map
62807,Alma,Marion,View Map
62808,Ashley,Washington,View Map
62809,Barnhill,Wayne,View Map
62810,Belle Rive,Jefferson,View Map
62811,Bellmont,Wabash,View Map
62812,Benton,Franklin,View Map
62814,Bluford,Jefferson,View Map
62815,Bone Gap,Edwards,View Map
62816,Bonnie,Jefferson,View Map
62817,Broughton,Hamilton,View Map
62818,Browns,Edwards,View Map
62819,Buckner,Franklin,View Map
62820,Burnt Prairie,White,View Map
62821,Carmi,White,View Map
62822,Christopher,Franklin,View Map
62823,Cisne,Wayne,View Map
62824,Clay City,Clay,View Map
62825,Coello,Franklin,View Map
62827,Crossville,White,View Map
62828,Dahlgren,Hamilton,View Map
62829,Dale,Hamilton,View Map
62830,Dix,Jefferson,View Map
62831,Du Bois,Washington,View Map
62832,Du Quoin,Perry,View Map
62833,Ellery,Edwards,View Map
62834,Emma,White,View Map
62835,Enfield,White,View Map
62836,Ewing,Franklin,View Map
62837,Fairfield,Wayne,View Map
62838,Farina,Fayette,View Map
62839,Flora,Clay,View Map
62840,Frankfort Heights,Franklin,View Map
62841,Freeman Spur,Williamson,View Map
62842,Geff,Wayne,View Map
62843,Golden Gate,Wayne,View Map
62844,Grayville,White,View Map
62846,Ina,Jefferson,View Map
62848,Irvington,Washington,View Map
62849,Iuka,Marion,View Map
62850,Johnsonville,Wayne,View Map
62851,Keenes,Wayne,View Map
62852,Keensburg,Wabash,View Map
62853,Kell,Marion,View Map
62854,Kinmundy,Marion,View Map
62855,Lancaster,Wabash,View Map
62856,Logan,Franklin,View Map
62857,Loogootee,Fayette,View Map
62858,Louisville,Clay,View Map
62859,Mc Leansboro,Hamilton,View Map
62860,Macedonia,Hamilton,View Map
62861,Maunie,White,View Map
62862,Mill Shoals,White,View Map
62863,Mount Carmel,Wabash,View Map
62864,Mount Vernon,Jefferson,View Map
62865,Mulkeytown,Franklin,View Map
62866,Nason,Jefferson,View Map
62867,New Haven,Gallatin,View Map
62868,Noble,Richland,View Map
62869,Norris City,White,View Map
62870,Odin,Marion,View Map
62871,Omaha,Gallatin,View Map
62872,Opdyke,Jefferson,View Map
62874,Orient,Franklin,View Map
62875,Patoka,Marion,View Map
62876,Radom,Washington,View Map
62877,Richview,Washington,View Map
62878,Rinard,Wayne,View Map
62879,Sailor Springs,Clay,View Map
62880,Saint Peter,Fayette,View Map
62881,Salem,Marion,View Map
62882,Sandoval,Marion,View Map
62883,Scheller,Jefferson,View Map
62884,Sesser,Franklin,View Map
62885,Shobonier,Fayette,View Map
62886,Sims,Wayne,View Map
62887,Springerton,White,View Map
62888,Tamaroa,Perry,View Map
62889,Texico,Jefferson,View Map
62890,Thompsonville,Franklin,View Map
62891,Valier,Franklin,View Map
62892,Vernon,Marion,View Map
62893,Walnut Hill,Marion,View Map
62894,Waltonville,Jefferson,View Map
62895,Wayne City,Wayne,View Map
62896,West Frankfort,Franklin,View Map
62897,Whittington,Franklin,View Map
62898,Woodlawn,Jefferson,View Map
62899,Xenia,Clay,View Map
62901,Carbondale,Jackson,View Map
62902,Carbondale,Jackson,View Map
62903,Carbondale,Jackson,View Map
62905,Alto Pass,Union,View Map
62906,Anna,Union,View Map
62907,Ava,Jackson,View Map
62908,Belknap,Johnson,View Map
62909,Boles,Johnson,View Map
62910,Brookport,Massac,View Map
62912,Buncombe,Johnson,View Map
62914,Cairo,Alexander,View Map
62915,Cambria,Williamson,View Map
62916,Campbell Hill,Jackson,View Map
62917,Carrier Mills,Saline,View Map
62918,Carterville,Williamson,View Map
62919,Cave In Rock,Hardin,View Map
62920,Cobden,Union,View Map
62921,Colp,Williamson,View Map
62922,Creal Springs,Williamson,View Map
62923,Cypress,Johnson,View Map
62924,De Soto,Jackson,View Map
62926,Dongola,Union,View Map
62927,Dowell,Jackson,View Map
62928,Eddyville,Pope,View Map
62930,Eldorado,Saline,View Map
62931,Elizabethtown,Hardin,View Map
62932,Elkville,Jackson,View Map
62933,Energy,Williamson,View Map
62934,Equality,Gallatin,View Map
62935,Galatia,Saline,View Map
62938,Golconda,Pope,View Map
62939,Goreville,Johnson,View Map
62940,Gorham,Jackson,View Map
62941,Grand Chain,Pulaski,View Map
62942,Grand Tower,Jackson,View Map
62943,Grantsburg,Johnson,View Map
62946,Harrisburg,Saline,View Map
62947,Herod,Pope,View Map
62948,Herrin,Williamson,View Map
62949,Hurst,Williamson,View Map
62950,Jacob,Jackson,View Map
62951,Johnston City,Williamson,View Map
62952,Jonesboro,Union,View Map
62953,Joppa,Massac,View Map
62954,Junction,Gallatin,View Map
62955,Karbers Ridge,Hardin,View Map
62956,Karnak,Pulaski,View Map
62957,Mc Clure,Alexander,View Map
62958,Makanda,Jackson,View Map
62959,Marion,Williamson,View Map
62960,Metropolis,Massac,View Map
62961,Millcreek,Union,View Map
62962,Miller City,Alexander,View Map
62963,Mound City,Pulaski,View Map
62964,Mounds,Pulaski,View Map
62965,Muddy,Saline,View Map
62966,Murphysboro,Jackson,View Map
62967,New Burnside,Johnson,View Map
62969,Olive Branch,Alexander,View Map
62970,Olmsted,Pulaski,View Map
62971,Oraville,Jackson,View Map
62972,Ozark,Johnson,View Map
62973,Perks,Pulaski,View Map
62974,Pittsburg,Williamson,View Map
62975,Pomona,Jackson,View Map
62976,Pulaski,Pulaski,View Map
62977,Raleigh,Saline,View Map
62979,Ridgway,Gallatin,View Map
62982,Rosiclare,Hardin,View Map
62983,Royalton,Franklin,View Map
62984,Shawneetown,Gallatin,View Map
62985,Simpson,Johnson,View Map
62987,Stonefort,Saline,View Map
62988,Tamms,Alexander,View Map
62990,Thebes,Alexander,View Map
62992,Ullin,Pulaski,View Map
62993,Unity,Alexander,View Map
62994,Vergennes,Jackson,View Map
62995,Vienna,Johnson,View Map
62996,Villa Ridge,Pulaski,View Map
62997,Willisville,Perry,View Map
62998,Wolf Lake,Union,View Map
62999,Zeigler,Franklin,View Map
